{"cameraMode":{"drawMode":0,"name":"Shaded","section":"Shading Mode"},"sceneLighting":true,"audioPlay":false,"sceneViewState":{"m_AlwaysRefresh":false,"showFog":true,"showSkybox":false,"showFlares":true,"showImageEffects":true,"showParticleSystems":true,"showVisualEffectGraphs":true,"m_FxEnabled":true},"in2DMode":false,"pivot":{"x":-3.6452298164367677,"y":-0.36262083053588869,"z":6.166125297546387},"rotation":{"x":0.16504669189453126,"y":-0.24506908655166627,"z":0.04282742366194725,"w":0.95463627576828},"size":2.6324636936187746,"orthographic":false}