{"cameraMode":{"drawMode":0,"name":"Shaded","section":"Shading Mode"},"sceneLighting":true,"audioPlay":false,"sceneViewState":{"m_AlwaysRefresh":false,"showFog":true,"showSkybox":true,"showFlares":true,"showImageEffects":true,"showParticleSystems":true,"showVisualEffectGraphs":true,"m_FxEnabled":true},"in2DMode":false,"pivot":{"x":1.8466253280639649,"y":2.6238927841186525,"z":-3.7900314331054689},"rotation":{"x":-0.06572066992521286,"y":0.9291574954986572,"z":-0.20436742901802064,"w":-0.3017066717147827},"size":16.42131996154785,"orthographic":false}