{"cameraMode":{"drawMode":0,"name":"Shaded","section":"Shading Mode"},"sceneLighting":true,"audioPlay":false,"sceneViewState":{"m_AlwaysRefresh":false,"showFog":true,"showSkybox":true,"showFlares":true,"showImageEffects":true,"showParticleSystems":true,"showVisualEffectGraphs":true,"m_FxEnabled":true},"in2DMode":false,"pivot":{"x":1.9842827320098878,"y":-11.678668975830079,"z":-14.588193893432618},"rotation":{"x":0.011934636160731316,"y":0.9551240801811218,"z":-0.2942022681236267,"w":0.038381580263376239},"size":13.197885513305664,"orthographic":false}