{"cameraMode":{"drawMode":0,"name":"Shaded","section":"Shading Mode"},"sceneLighting":false,"audioPlay":false,"sceneViewState":{"m_AlwaysRefresh":false,"showFog":false,"showSkybox":false,"showFlares":false,"showImageEffects":false,"showParticleSystems":false,"showVisualEffectGraphs":true,"m_FxEnabled":true},"in2DMode":false,"pivot":{"x":-0.9481055736541748,"y":-0.18302306532859803,"z":-0.824874758720398},"rotation":{"x":0.029018398374319078,"y":-0.9516046047210693,"z":0.09481208771467209,"w":0.29121649265289309},"size":0.9809083342552185,"orthographic":false}