{"cameraMode":{"drawMode":0,"name":"Shaded","section":"Shading Mode"},"sceneLighting":false,"audioPlay":false,"sceneViewState":{"m_AlwaysRefresh":false,"showFog":true,"showSkybox":false,"showFlares":true,"showImageEffects":true,"showParticleSystems":true,"showVisualEffectGraphs":true,"m_FxEnabled":true},"in2DMode":false,"pivot":{"x":-0.45165544748306277,"y":-0.17162221670150758,"z":-1.6141939163208008},"rotation":{"x":-0.01601298525929451,"y":0.9832857847213745,"z":-0.14592473208904267,"w":-0.10930035263299942},"size":1.3697073459625245,"orthographic":false}